<?xml version = "1.0" encoding = "UTF-8" standalone = "yes"?>
<LICENSES>
<LICENSE>
<INFO>
<USER_LICENSE_NO>100360</USER_LICENSE_NO>
<USER_ID>73987</USER_ID>
<USER_ORGANIZATION>Provided by Change Vision, Inc.</USER_ORGANIZATION>
<MANAGER_NAME>Free for Students</MANAGER_NAME>
<USER_NAME>-</USER_NAME>
<USER_KIND>astah_UML</USER_KIND>
<USER_VERSION>6.0</USER_VERSION>
<USER_TYPE>TimedLicense</USER_TYPE>
<USER_RUN_FROM>2018/05/21</USER_RUN_FROM>
<USER_RUN_TO>2019/08/31</USER_RUN_TO>
<USER_SUPPORT_FROM>2018/05/21</USER_SUPPORT_FROM>
<USER_SUPPORT_TO>2019/08/31</USER_SUPPORT_TO>
<USER_CONSTRAINT>SingleMachine</USER_CONSTRAINT>
<USER_CONSTRAINT2>-</USER_CONSTRAINT2>
<USER_CONSTRAINT3>-</USER_CONSTRAINT3>
<MACHINE_IDENTIFICATION_INFOMATIONS></MACHINE_IDENTIFICATION_INFOMATIONS>
<USER_ATTENTION>This license is a single machine license. It cannot be used on other machines.</USER_ATTENTION>
</INFO>
<USER_SIGNATURE>MCwCFGFRGTiiBQp+ernTw7vvDthVxiFxAhQRcOkNaL1N7nP63X1S3HO+2SCaWQ==</USER_SIGNATURE>
</LICENSE>
</LICENSES>

